{
    "Library": "2jciebu01_usb",
    "Description": "Omron USB type enviroment sensor",
    "Sensor Class": {
        "OM2JCIEBU_UART": {
            "Name": "API for 2JCIEBU01 Sensor Module using USB to UART interface",
            "Description": "This is the UPM Module for the Omron Enviroment Sensor Module using USB to UART interface.",
            "Aliases": [""],
            "Categories": ["USB"],
            "Connections": ["uart"],
            "Project Type": ["sensor"],
            "Manufacturers": ["Omron"],
            "Image": "",
            "Examples": {
                "C++": ["omron2jciebu01_usb.cxx"]
            },
            "Specifications": {
                "Baud Rate": {
                    "unit" : "bps",
                    "default": 115200
                }
            },
            "Platforms": {
                "Intel Edison": {
                    "Notes": ["Might need USB type omron enviroment sensor"]
                }
            },
            "Urls": {
                "Product Pages": ["https://www.components.omron.com/solutions/mems-sensors/environment-sensor"],
                "Datasheets": ["https://omronfs.omron.com/en_US/ecb/products/pdf/A279-E1-01.pdf"]
            }
        }
    }
}

